Grupo 1	

Piero Andres Aliaga Fernandez (piero.aliaga.f@uni.pe), 
Jose Carlos Antay Enciso (jose.antay.e@uni.pe), 
Sergio Bryan Bravo Castillo (sbravoc@uni.pe), 
Marlon Ivan Chavez Perez (marlon.chavez.p@uni.pe), 
Pedro Antonio De La Cruz Castillo (pedro.delacruz.c@uni.pe), 
Emerson Aldair Espinoza Soncco (emerson.espinoza.s@uni.pe), 
Edgar Alessandro Ferrer Perez (edgar.ferrer.p@uni.pe), 
Yazmin Odalis Garcia Chumpitaz (yazmin.garcia.c@uni.pe), 
Kevin Frank Jesusi Apolinario (kevin.jesusi.a@uni.pe), 
Adrian Esteban Juscamaita Farfan (adrian.juscamaita.f@uni.pe), 
Luis Enrique Lopez Cabanillas (luis.lopez.c@uni.pe), 
Raúl Raifor Lozano Macha (raul.lozano.m@uni.pe), 
Diego Franz Matias Echenique (diego.matias.e@uni.pe), 
Alejandro Alfonso Melgarejo Sotelo (alejandro.melgarejo.s@uni.pe), 
Flower Cecil Neira Huacho (flower.neira.h@uni.pe), 
David Orlando Quispe Quiroz (david.quispe.q@uni.pe), 
Jefferson Pedro Rau Zavala (jefferson.rau.z@uni.pe), 
Nolberto Ismael Rojas Carlos (nolberto.rojas.c@uni.pe), 
Luis Fernando Sullca Valverde (luis.sullca.v@uni.pe), 
Fabio Alberto Taype Ramirez (fabio.taype.r@uni.pe), 
Cristhian Moises Tello Oscco (cristhian.tello.o@uni.pe), 
Rafael Elias Villavicencio Villafuerte (rafael.villavicencio.v@uni.pe)


Grupo 2	
Jose Eduardo Apaza Churata (jose.apaza.c@uni.pe), 
Erick Joe Balcazar Rodas (erick.balcazar.r@uni.pe), 
Caroline Fiorella Benavides Ponce (caroline.benavides.p@uni.pe), 
Roger Esquivel Bolivar Layme (roger.bolivar.l@uni.pe), 
Jose Borda Aparco (jose.borda.a@uni.pe), 
Richard Castro Mamani (richard.castro.m@uni.pe), 
Luigi Victor Cañari Bautista (luigi.canari.b@uni.pe), 
Percy Rodrigo Chipa Barrueta (percy.chipa.b@uni.pe), 
Lesly Valery Collazos Vasquez (lesly.collazos.v@uni.pe), 
Cesar Agustin Davila Goñi (cesar.davila.g@uni.pe), 
Miguel Angel Diaz Angulo (miguel.diaz.a@uni.pe), 
Eduardo Andre Durand Calixto (eduardo.durand.c@uni.pe), 
Diego Alonso Escobar Palomino (diego.escobar.p@uni.pe), 
Maria Olivia Gavino Poma (maria.gavino.p@uni.pe), 
Justin Anthony Guillen Lopez (justin.guillen.l@uni.pe), 
Pier Joel Huayhua Ormachea (pier.huayhua.o@uni.pe), 
Jose Michel Ocampo Vallejos (jose.ocampo.v@uni.pe), 
Mijailovich Perez Guizado (mijailovich.perez.g@uni.pe), 
Sebastian Rodrigo Rojas Oriundo (sebastian.rojas.o@uni.pe), 
Yilberth Samuel Saravia Atuncar (yilberth.saravia.a@uni.pe), 
Cesar Rodrigo Toribio Cochachin (cesar.toribio.c@uni.pe)
